<?xml version="1.0" encoding="UTF-8"?>
<project-private xmlns="http://www.netbeans.org/ns/project-private/1">
    <editor-bookmarks xmlns="http://www.netbeans.org/ns/editor-bookmarks/2" lastBookmarkId="0"/>
    <open-files xmlns="http://www.netbeans.org/ns/projectui-open-files/2">
        <group>
            <file>file:/D:/2%20kuliah%20Tek.Informatika/smt5/AplikasiBookingLapanganFutsal/src/aplikasibookinglapanganfutsal/FrmKategori.java</file>
            <file>file:/D:/2%20kuliah%20Tek.Informatika/smt5/AplikasiBookingLapanganFutsal/src/aplikasibookinglapanganfutsal/Frame_booking_lapangan.java</file>
            <file>file:/D:/2%20kuliah%20Tek.Informatika/smt5/AplikasiBookingLapanganFutsal/src/aplikasibookinglapanganfutsal/AplikasiBookingLapanganFutsal.java</file>
            <file>file:/D:/2%20kuliah%20Tek.Informatika/smt5/AplikasiBookingLapanganFutsal/src/aplikasibookinglapanganfutsal/FrmMenuAwal.java</file>
            <file>file:/D:/2%20kuliah%20Tek.Informatika/smt5/AplikasiBookingLapanganFutsal/src/aplikasibookinglapanganfutsal/Login.java</file>
        </group>
    </open-files>
</project-private>
